provider,model,n,overall_pass_rate,mean_abs_err,mean_rel_err,mean_latency_s,final_n,final_pass_rate,checkpoint_n,checkpoint_pass_rate
openai,gpt-4.1,1721,0.7983730389308542,13.112095992549866,0.210721547315083,1.9654055157073496,1020,0.8186274509803921,701,0.7689015691868759
