provider,model,n,overall_pass_rate,mean_abs_err,mean_rel_err,mean_latency_s,final_n,final_pass_rate,checkpoint_n,checkpoint_pass_rate
openai,gpt-4.1,539,0.6660482374768089,48.795513849932206,0.18180158227766371,1.8361910619187223,285,0.6140350877192983,254,0.7244094488188977
