provider,model,n,overall_pass_rate,mean_abs_err,mean_rel_err,mean_latency_s,final_n,final_pass_rate,checkpoint_n,checkpoint_pass_rate
openai,gpt-4.1,1100,0.6254545454545455,170.67008703669794,0.49315181790216817,1.5291010165214538,570,0.5736842105263158,530,0.6811320754716981
