provider,model,n,overall_pass_rate,mean_abs_err,mean_rel_err,mean_latency_s,final_n,final_pass_rate,checkpoint_n,checkpoint_pass_rate
openai,gpt-4o,1721,0.6176641487507263,27.158767512984944,0.509323247754694,2.47565512405032,1020,0.5725490196078431,701,0.6833095577746077
