model1,model2,mcnemar_statistic,mcnemar_pvalue,final_pass_mean_diff,final_pass_ci_lower,final_pass_ci_upper,final_pass_effect_size,accuracy_t_statistic,accuracy_pvalue,accuracy_mean_diff,accuracy_ci_lower,accuracy_ci_upper,cohens_d,mcnemar_pvalue_corrected,accuracy_pvalue_corrected
Claude Sonnet 4.5,GPT-4.1,9.240384615384615,0.0023673522414633386,-0.07111111111111112,-0.11555555555555555,-0.02666666666666667,-0.10563875540452763,-3.00766999163437,0.0027804634651630838,-0.03555555555555556,-0.058888888888888886,-0.011851851851851856,-0.1419407227397705,0.004734704482926677,0.0055609269303261676
Claude Sonnet 4.5,GPT-4o,104.00625,0.0,0.28888888888888886,0.24,0.3377777777777778,0.42765008913367497,13.256895082301941,4.390803420828512e-34,0.19092592592592594,0.16277777777777777,0.21888888888888888,0.6256315601449125,0.0,1.756321368331405e-33
Claude Sonnet 4.5,Gemini 2.5 Pro,22.540816326530614,2.057256577203681e-06,-0.10666666666666669,-0.14888888888888888,-0.06444444444444444,-0.16103393644569497,-4.004461797259937,7.27280312572491e-05,-0.050000000000000155,-0.07444444444444444,-0.02555555555555556,-0.1889822365046136,6.171769731611043e-06,0.00021818409377174727
GPT-4.1,GPT-4o,144.00555555555556,0.0,0.36,0.3111111111111111,0.4088888888888889,0.5457299267707593,15.022386398638487,1.286675843472524e-41,0.2264814814814815,0.19722222222222222,0.25574074074074077,0.7089502467457068,0.0,6.433379217362621e-41
GPT-4.1,Gemini 2.5 Pro,3.0405405405405403,0.08120887152819878,-0.03555555555555556,-0.07333333333333333,0.0022222222222222222,-0.055022142270352604,-1.2033058180721479,0.2294920633960215,-0.014444444444444593,-0.038148148148148146,0.009074074074074075,-0.05678751258256218,0.08120887152819878,0.2294920633960215
GPT-4o,Gemini 2.5 Pro,163.171875,0.0,-0.39555555555555555,-0.4444444444444444,-0.3466666666666667,-0.609789323811753,-15.688429563239882,1.5318399177892498e-44,-0.2409259259259261,-0.27166666666666667,-0.2111111111111111,-0.7403827670761816,0.0,9.1910395067355e-44
