{
  "models": {
    "Claude Sonnet 4.5": {
      "overall_field_pass_rate": 0.7821034282393957,
      "final_field_pass_rate": 0.7774509803921569,
      "checkpoint_field_pass_rate": 0.7888730385164051,
      "error_rate": 0.0,
      "mean_latency_s": 6.1305462354009475,
      "item_final_allpass_rate": 0.6133333333333333,
      "item_checkpoint_allpass_rate": 0.7538461538461538,
      "item_final_field_accuracy": 0.7712962962962963,
      "mean_abs_err": 9.228718268241868,
      "mean_rel_err": 0.2033499111187183,
      "total_fields": 1721
    },
    "Gemini 2.5 Pro": {
      "overall_field_pass_rate": 0.8041836141778036,
      "final_field_pass_rate": 0.8313725490196079,
      "checkpoint_field_pass_rate": 0.7646219686162625,
      "error_rate": 0.0,
      "mean_latency_s": 20.6581532924692,
      "item_final_allpass_rate": 0.72,
      "item_checkpoint_allpass_rate": 0.6923076923076923,
      "item_final_field_accuracy": 0.8212962962962964,
      "mean_abs_err": 5.312794485078867,
      "mean_rel_err": 0.1005095134104503,
      "total_fields": 1721
    },
    "GPT-4.1": {
      "overall_field_pass_rate": 0.7983730389308542,
      "final_field_pass_rate": 0.8186274509803921,
      "checkpoint_field_pass_rate": 0.7689015691868759,
      "error_rate": 0.0,
      "mean_latency_s": 1.9654055157073496,
      "item_final_allpass_rate": 0.6844444444444444,
      "item_checkpoint_allpass_rate": 0.7076923076923077,
      "item_final_field_accuracy": 0.8068518518518518,
      "mean_abs_err": 13.112095992549866,
      "mean_rel_err": 0.210721547315083,
      "total_fields": 1721
    },
    "GPT-4o": {
      "overall_field_pass_rate": 0.6159209761766414,
      "final_field_pass_rate": 0.5696078431372549,
      "checkpoint_field_pass_rate": 0.6833095577746077,
      "error_rate": 0.0,
      "mean_latency_s": 2.21974120522432,
      "item_final_allpass_rate": 0.3244444444444444,
      "item_checkpoint_allpass_rate": 0.5923076923076923,
      "item_final_field_accuracy": 0.5803703703703703,
      "mean_abs_err": 26.521431171552543,
      "mean_rel_err": 0.464154515961471,
      "total_fields": 1721
    }
  },
  "overall_leaderboard": [
    {
      "model": "Gemini 2.5 Pro",
      "overall_field_pass_rate": 0.8041836141778036,
      "final_field_pass_rate": 0.8313725490196079,
      "checkpoint_field_pass_rate": 0.7646219686162625,
      "item_final_allpass_rate": 0.72,
      "item_checkpoint_allpass_rate": 0.6923076923076923,
      "item_final_field_accuracy": 0.8212962962962964,
      "mean_latency_s": 20.6581532924692
    },
    {
      "model": "GPT-4.1",
      "overall_field_pass_rate": 0.7983730389308542,
      "final_field_pass_rate": 0.8186274509803921,
      "checkpoint_field_pass_rate": 0.7689015691868759,
      "item_final_allpass_rate": 0.6844444444444444,
      "item_checkpoint_allpass_rate": 0.7076923076923077,
      "item_final_field_accuracy": 0.8068518518518518,
      "mean_latency_s": 1.9654055157073496
    },
    {
      "model": "Claude Sonnet 4.5",
      "overall_field_pass_rate": 0.7821034282393957,
      "final_field_pass_rate": 0.7774509803921569,
      "checkpoint_field_pass_rate": 0.7888730385164051,
      "item_final_allpass_rate": 0.6133333333333333,
      "item_checkpoint_allpass_rate": 0.7538461538461538,
      "item_final_field_accuracy": 0.7712962962962963,
      "mean_latency_s": 6.1305462354009475
    },
    {
      "model": "GPT-4o",
      "overall_field_pass_rate": 0.6159209761766414,
      "final_field_pass_rate": 0.5696078431372549,
      "checkpoint_field_pass_rate": 0.6833095577746077,
      "item_final_allpass_rate": 0.3244444444444444,
      "item_checkpoint_allpass_rate": 0.5923076923076923,
      "item_final_field_accuracy": 0.5803703703703703,
      "mean_latency_s": 2.21974120522432
    }
  ],
  "family_performance": {
    "bandpass_response": {
      "Claude Sonnet 4.5": 0.13333333333333333,
      "Gemini 2.5 Pro": 0.23333333333333334,
      "GPT-4.1": 0.15,
      "GPT-4o": 0.06666666666666667
    },
    "bode_magnitude": {
      "Claude Sonnet 4.5": 0.7166666666666667,
      "Gemini 2.5 Pro": 0.8666666666666667,
      "GPT-4.1": 0.9,
      "GPT-4o": 0.6666666666666666
    },
    "bode_phase": {
      "Claude Sonnet 4.5": 0.36666666666666664,
      "Gemini 2.5 Pro": 0.6166666666666667,
      "GPT-4.1": 0.6,
      "GPT-4o": 0.2833333333333333
    },
    "fft_spectrum": {
      "Claude Sonnet 4.5": 0.5,
      "Gemini 2.5 Pro": 0.4666666666666667,
      "GPT-4.1": 0.45,
      "GPT-4o": 0.25
    },
    "iv_diode": {
      "Claude Sonnet 4.5": 0.8333333333333334,
      "Gemini 2.5 Pro": 0.85,
      "GPT-4.1": 0.8666666666666667,
      "GPT-4o": 0.7666666666666667
    },
    "iv_resistor": {
      "Claude Sonnet 4.5": 1.0,
      "Gemini 2.5 Pro": 1.0,
      "GPT-4.1": 1.0,
      "GPT-4o": 1.0
    },
    "pole_zero": {
      "Claude Sonnet 4.5": 0.8583333333333333,
      "Gemini 2.5 Pro": 0.925,
      "GPT-4.1": 0.9583333333333334,
      "GPT-4o": 0.5166666666666667
    },
    "pump_curve": {
      "Claude Sonnet 4.5": 1.0,
      "Gemini 2.5 Pro": 0.9666666666666667,
      "GPT-4.1": 1.0,
      "GPT-4o": 0.5
    },
    "sn_curve": {
      "Claude Sonnet 4.5": 1.0,
      "Gemini 2.5 Pro": 0.95,
      "GPT-4.1": 0.9666666666666667,
      "GPT-4o": 0.55
    },
    "spectrogram": {
      "Claude Sonnet 4.5": 0.8555555555555555,
      "Gemini 2.5 Pro": 0.8222222222222222,
      "GPT-4.1": 0.7666666666666667,
      "GPT-4o": 0.4777777777777778
    },
    "step_response": {
      "Claude Sonnet 4.5": 0.8222222222222222,
      "Gemini 2.5 Pro": 0.9555555555555556,
      "GPT-4.1": 0.9666666666666667,
      "GPT-4o": 0.5777777777777777
    },
    "stress_strain": {
      "Claude Sonnet 4.5": 0.9,
      "Gemini 2.5 Pro": 1.0,
      "GPT-4.1": 0.9777777777777777,
      "GPT-4o": 0.8666666666666667
    },
    "time_waveform": {
      "Claude Sonnet 4.5": 0.85,
      "Gemini 2.5 Pro": 0.8666666666666667,
      "GPT-4.1": 0.7333333333333333,
      "GPT-4o": 0.7166666666666667
    },
    "torque_speed": {
      "Claude Sonnet 4.5": 1.0,
      "Gemini 2.5 Pro": 0.9166666666666666,
      "GPT-4.1": 1.0,
      "GPT-4o": 0.7833333333333333
    },
    "transfer_characteristic": {
      "Claude Sonnet 4.5": 0.7333333333333333,
      "Gemini 2.5 Pro": 0.8833333333333333,
      "GPT-4.1": 0.7666666666666667,
      "GPT-4o": 0.6833333333333333
    }
  },
  "paired_comparisons": [
    {
      "model1": "Claude Sonnet 4.5",
      "model2": "GPT-4.1",
      "mcnemar_statistic": 9.240384615384615,
      "mcnemar_pvalue": 0.0023673522414633386,
      "final_pass_mean_diff": -0.07111111111111112,
      "final_pass_ci_lower": -0.11555555555555555,
      "final_pass_ci_upper": -0.02666666666666667,
      "final_pass_effect_size": -0.10563875540452763,
      "accuracy_t_statistic": -3.00766999163437,
      "accuracy_pvalue": 0.0027804634651630838,
      "accuracy_mean_diff": -0.03555555555555556,
      "accuracy_ci_lower": -0.058888888888888886,
      "accuracy_ci_upper": -0.011851851851851856,
      "cohens_d": -0.1419407227397705,
      "mcnemar_pvalue_corrected": 0.004734704482926677,
      "accuracy_pvalue_corrected": 0.0055609269303261676
    },
    {
      "model1": "Claude Sonnet 4.5",
      "model2": "GPT-4o",
      "mcnemar_statistic": 104.00625,
      "mcnemar_pvalue": 0.0,
      "final_pass_mean_diff": 0.28888888888888886,
      "final_pass_ci_lower": 0.24,
      "final_pass_ci_upper": 0.3377777777777778,
      "final_pass_effect_size": 0.42765008913367497,
      "accuracy_t_statistic": 13.256895082301941,
      "accuracy_pvalue": 4.390803420828512e-34,
      "accuracy_mean_diff": 0.19092592592592594,
      "accuracy_ci_lower": 0.16277777777777777,
      "accuracy_ci_upper": 0.21888888888888888,
      "cohens_d": 0.6256315601449125,
      "mcnemar_pvalue_corrected": 0.0,
      "accuracy_pvalue_corrected": 1.756321368331405e-33
    },
    {
      "model1": "Claude Sonnet 4.5",
      "model2": "Gemini 2.5 Pro",