provider,model,n,overall_pass_rate,mean_abs_err,mean_rel_err,mean_latency_s,final_n,final_pass_rate,checkpoint_n,checkpoint_pass_rate
anthropic,claude-sonnet-4-5-20250929,1721,0.7821034282393957,9.228718268241867,0.20334991111871834,6.1305462354009475,1020,0.7774509803921569,701,0.7888730385164051
