provider,model,n,overall_pass_rate,mean_abs_err,mean_rel_err,mean_latency_s,final_n,final_pass_rate,checkpoint_n,checkpoint_pass_rate
openai,gpt-4o,1721,0.6159209761766414,26.521431171552543,0.46415451596147106,2.21974120522432,1020,0.5696078431372549,701,0.6833095577746077
