provider,model,n,overall_pass_rate,mean_abs_err,mean_rel_err,mean_latency_s,final_n,final_pass_rate,checkpoint_n,checkpoint_pass_rate
openai,gpt-4.1,1571,0.7740292807129217,10.181301451187336,0.1493904310498117,1.6519805400102932,1020,0.792156862745098,551,0.7404718693284936
