provider,model,n,overall_pass_rate,mean_abs_err,mean_rel_err,mean_latency_s,final_n,final_pass_rate,checkpoint_n,checkpoint_pass_rate
openai,gpt-4.1,1721,0.8117373619988378,8.966298105793038,0.16325865489720778,1.646995264177472,1020,0.8196078431372549,701,0.8002853067047075
