provider,model,n,overall_pass_rate,mean_abs_err,mean_rel_err,mean_latency_s,final_n,final_pass_rate,checkpoint_n,checkpoint_pass_rate
openai,gpt-4.1,1721,0.7925624636839047,14.225737385281708,0.21170831175162486,1.7257164394626916,1020,0.8117647058823529,701,0.7646219686162625
