provider,model,n,overall_pass_rate,mean_abs_err,mean_rel_err,mean_latency_s,final_n,final_pass_rate,checkpoint_n,checkpoint_pass_rate
gemini,gemini-2.5-pro,1721,0.3712957582800697,2.1473548280294614,0.06141099279035445,15.168731593586967,1020,0.40588235294117647,701,0.3209700427960057
