provider,model,n,overall_pass_rate,mean_abs_err,mean_rel_err,mean_latency_s,final_n,final_pass_rate,checkpoint_n,checkpoint_pass_rate
anthropic,claude-sonnet-4-5-20250929,1721,0.747821034282394,8.83327695071527,0.2178455625755241,6.336017027627168,1020,0.7480392156862745,701,0.7475035663338089
