provider,model,n,overall_pass_rate,mean_abs_err,mean_rel_err,mean_latency_s,final_n,final_pass_rate,checkpoint_n,checkpoint_pass_rate
gemini,gemini-2.5-pro,1721,0.8041836141778036,5.312794485078867,0.10050951341045039,20.6581532924692,1020,0.8313725490196079,701,0.7646219686162625
