provider,model,n,overall_pass_rate,mean_abs_err,mean_rel_err,mean_latency_s,final_n,final_pass_rate,checkpoint_n,checkpoint_pass_rate
anthropic,claude-sonnet-4-5-20250929,1721,0.3840790238233585,14.448336506967527,0.25704573214355364,7.537989014598397,1020,0.3764705882352941,701,0.39514978601997147
