provider,model,n,overall_pass_rate,mean_abs_err,mean_rel_err,mean_latency_s,final_n,final_pass_rate,checkpoint_n,checkpoint_pass_rate
gemini,gemini-2.5-pro,1721,0.8099941894247531,9.368113567806933,0.19532198364415718,23.864972314330327,1020,0.8323529411764706,701,0.7774607703281027
