provider,model,n,overall_pass_rate,mean_abs_err,mean_rel_err,mean_latency_s,final_n,final_pass_rate,checkpoint_n,checkpoint_pass_rate
gemini,gemini-2.5-pro,1721,0.8158047646717025,4.959841687853937,0.09568464731250689,23.80460729161229,1020,0.8372549019607843,701,0.7845934379457917
